{"adam": {"train_losses": [0.12202205979817857, 0.05815158715111514, 0.054006759484725386, 0.04852838370666529, 0.05263388925519539, 0.048869300476682836, 0.045855736861051995, 0.04729612023377364, 0.05084700721226418, 0.047847253094192514, 0.04335461761556089, 0.04610209405336621, 0.0472639532477951, 0.051178927883427955, 0.049318501585649696, 0.04050357304154717, 0.051889477421475365, 0.0542208106168264, 0.04250160881208244, 0.04465684118113395, 0.041907052075391235, 0.051540536173791125, 0.05986317495256838, 0.04487161640996248, 0.0455288253568762, 0.06129750400088914, 0.046929417866292525, 0.058294672996706445, 0.04437032140665237, 0.04360857437338982], "validation_losses": [0.07337316015213728, 0.06712743812352419, 0.053953545978851616, 0.06577845207415521, 0.06220106636692544, 0.07962075998341316, 0.0857231131399516, 0.08158417467232794, 0.07363333267006092, 0.08830364570163655, 0.0995816774989944, 0.08577550674203376, 0.09640359631932806, 0.10287807768541024, 0.10231159019814222, 0.11928028869880927, 0.11495615425950725, 0.11439121623010251, 0.14624531921277886, 0.16016402390821585, 0.10735239003756342, 0.20342371677286938, 0.1672916894616009, 0.1844455510616988, 0.1880204520308363, 0.2193905628801262, 0.22783209438350924, 0.23127080142238723, 0.23530150542052292, 0.25581245658185864], "accuracy": 0.9842}, "sgd": {"train_losses": [0.6830930853923162, 0.209684183994929, 0.14592932592630387, 0.11750987840791544, 0.10059620941579342, 0.08884731702059508, 0.07985769174496332, 0.07310570566455524, 0.06779990616540114, 0.0629747570330898, 0.05978809898843368, 0.05633382083351413, 0.05402479821865757, 0.051474980943029124, 0.04913101934865117, 0.04729130939034124, 0.04536382885227601, 0.04371401063191394, 0.042748437312679986, 0.0411730474366496, 0.03995436086977522, 0.038693229597310225, 0.03750876311014096, 0.03648487835160146, 0.035605549248121676, 0.03497509448044002, 0.03395198322031647, 0.03315801394910862, 0.032571192063763736, 0.031329812053094305], "validation_losses": [0.2694297600984573, 0.14872686767578125, 0.11237903687357903, 0.10243672728538514, 0.08153319140374661, 0.06758404387533665, 0.08285190395116807, 0.06117799758017063, 0.06266596747860312, 0.052613414289057255, 0.0545512316942215, 0.04596022691875696, 0.051612031353265045, 0.04419276342988014, 0.04320066980253905, 0.04327235246151686, 0.04033746197968721, 0.04020866549313069, 0.03769168538972736, 0.041698353853914884, 0.04000169248953462, 0.03769218774996698, 0.03587241333499551, 0.03441713781058788, 0.03627293953076005, 0.036100333599001166, 0.03442330751331756, 0.03973307924121618, 0.03813871589675546, 0.03403875855244696], "accuracy": 0.9881}, "ada-hessian": {"train_losses": [0.5416548271814982, 0.16332960272828737, 0.1139997600565354, 0.09153819368531306, 0.07830767025748889, 0.06936668255651991, 0.06225204619268576, 0.05641447657694419, 0.052171467475344735, 0.04871861747726798, 0.045191021777068574, 0.04263400310762227, 0.03934201695074638, 0.037181808810060224, 0.03633392327955613, 0.033929304122303924, 0.0323817121832942, 0.031172469658280414, 0.029792590066418052, 0.02808941529771934, 0.027241934411227704, 0.025539985603590807, 0.024924587859461705, 0.024370982597737262, 0.02296191511200741, 0.02181575420058022, 0.021540318626289568, 0.020367033938101183, 0.019521525456911572, 0.01900040924626713], "validation_losses": [0.19643889315128327, 0.11831508641541004, 0.08376208176016807, 0.07012144778221846, 0.06327425274848938, 0.06071965033113957, 0.05611775921434164, 0.04795319096213207, 0.04265682254731655, 0.03980573448985815, 0.03780582939442247, 0.03476974924895913, 0.037534004824608565, 0.036851767261326315, 0.03653013028204441, 0.03617641661465168, 0.03467204638794064, 0.03135538200289011, 0.0332417033072561, 0.03303221414014697, 0.03137404989916831, 0.030185802855715156, 0.027865020000562072, 0.028907630709931253, 0.0274551968883723, 0.029614011190086602, 0.03050570346340537, 0.028135339737311006, 0.029061256171762945, 0.02801221804851666], "accuracy": 0.9901}}