{"adam": {"train_losses": [0.26131956635614234, 0.0896457357292374, 0.06722289584986865, 0.05444564167720576, 0.04840969718300427, 0.03736640869868764, 0.03242358250973436, 0.03058921506209299, 0.02947683299614194, 0.025118084845043874, 0.022612680671561976, 0.02020563241460089, 0.018186198018393284, 0.018984738646948246, 0.017817670136970505, 0.01597351716365956, 0.014634592052631585, 0.01608299172146047, 0.015164803734343755, 0.015390329577247848, 0.014594772738458838, 0.013669402064727425, 0.012632424566055124, 0.012148334842712211, 0.012509357156471439, 0.010920427695697739, 0.011180155706448567, 0.011528485214798972, 0.01071940603205682, 0.011493877106890796, 0.010562429350333635, 0.011460895297020959, 0.011088855561907198, 0.009934286496134837, 0.009915258030924353, 0.01014118615625373, 0.007335323775100914, 0.010879274175009649, 0.009365247010623488, 0.008333231124239443, 0.010086712484788962, 0.009404943222121698, 0.007273374604382506, 0.009816100142985808, 0.008389572228920708, 0.0067449549830268475, 0.008221386033469502, 0.009264324945889054, 0.0076949440897692185, 0.008559759670358047], "validation_losses": [0.059084750300645826, 0.036581750654266214, 0.03494362070660573, 0.03232941467607088, 0.02908315816862014, 0.03520720473542751, 0.026280479921779624, 0.0281100352156909, 0.031782945670255504, 0.030176480500119545, 0.029580520192202926, 0.030977433316789472, 0.037016792700532174, 0.031609343017734985, 0.03165163491942974, 0.03343320479499585, 0.03648958772354079, 0.04341752558567648, 0.030854043605043308, 0.033862633393627536, 0.035304939846485556, 0.03561763958676546, 0.04426530189774044, 0.03796078445929354, 0.04484255955465197, 0.03580799662227392, 0.03608711895893572, 0.03811677190608723, 0.03821659749195458, 0.04006247110064021, 0.03795289319117819, 0.03868912286674463, 0.039074955404568665, 0.04132251052858589, 0.04602999025008653, 0.04149801932036965, 0.043442831916565526, 0.039026453390652194, 0.03946528042197293, 0.04472408416266966, 0.03914831114710039, 0.03922049438976217, 0.03911628136358918, 0.040477895574647996, 0.037460704306548555, 0.04070970570610564, 0.045931664152715726, 0.04446826904683499, 0.05096761092647649, 0.04530504138850153], "accuracy": 0.9922}, "sgd": {"train_losses": [2.2968119070688884, 2.2355350189208982, 2.124503879038493, 2.0160779819488526, 1.7375341165542602, 1.4875273615519207, 1.0704080025990803, 0.8202843726158142, 0.6846874148209889, 0.5867937886714936, 0.5242055967648824, 0.477660764503479, 0.44039554176330564, 0.4121257699966431, 0.3837514471054077, 0.3654581250031789, 0.3482872621059418, 0.3359754690249761, 0.32144804321130116, 0.3095108580827713, 0.297971684273084, 0.2854659292380015, 0.27715702097415923, 0.2702895759264628, 0.25865829133192697, 0.2501187874396642, 0.2484571226199468, 0.23643562248150507, 0.23267080563704173, 0.22548809951941173, 0.22027813013394673, 0.21543371088504792, 0.21159572499990464, 0.20538227278788884, 0.19875276753107707, 0.1954464353521665, 0.18938401111364364, 0.18575902766187985, 0.18375299913883208, 0.1797645063519478, 0.17614790075620015, 0.17297251000404357, 0.170104980190595, 0.1709629121104876, 0.16437170141537985, 0.1625492563724518, 0.1589136118710041, 0.15577283378243445, 0.15485332042773564, 0.15009636141459148], "validation_losses": [2.283621823120117, 2.171220154953003, 2.079502898025513, 1.8916593967437745, 1.5704174835205078, 1.242023014831543, 0.6926909050941468, 0.5242668183326721, 0.40690571875572207, 0.349954116153717, 0.3101101804733276, 0.28467672924995424, 0.26413884224891665, 0.2468406153678894, 0.2296242476463318, 0.21926213128566743, 0.2051567493736744, 0.1968114378154278, 0.1835210184186697, 0.17741076246500015, 0.16984526082873344, 0.16219423435032368, 0.15643261202573777, 0.15309305744171142, 0.14598486159443855, 0.14068501927256585, 0.1368476392954588, 0.1341150200486183, 0.12676405374258756, 0.1261916192725301, 0.1233452439531684, 0.11955081800371409, 0.11525064477026463, 0.11319202732890844, 0.1095569697201252, 0.10767009521573782, 0.10431345399096609, 0.103309603767097, 0.09919269818738102, 0.0966731890551746, 0.09409406467974187, 0.09506447133272886, 0.0915728727966547, 0.09211277351230383, 0.08738205996118487, 0.0875473748512566, 0.08606718969531357, 0.08348638181984425, 0.08150507982186973, 0.08031147201769054], "accuracy": 0.976}, "Adahessian": {"train_losses": [2.294714033126831, 2.1770873287200927, 1.9934469685872396, 1.5941426109313965, 1.1366450255711873, 0.7708809804916382, 0.6170208738644918, 0.5354390510718028, 0.47474330387115476, 0.43831156585216524, 0.39997943902015687, 0.3690291947285334, 0.3440915582736333, 0.32931829063097634, 0.31383353992303215, 0.30088366927107174, 0.2902762426932653, 0.2789574706315994, 0.26947336460351945, 0.2579780361334483, 0.24683265772660573, 0.23759123153686523, 0.22658526740868887, 0.22416003188292186, 0.2143607296228409, 0.2067982785542806, 0.20243305335442224, 0.19606594065825145, 0.19128039356470108, 0.1867336409707864, 0.1834692775050799, 0.17750122706890106, 0.17419029165903727, 0.17232290338079134, 0.16454971691767376, 0.16182065297563872, 0.15944873990217845, 0.15396332960923512, 0.15038656364281972, 0.14969820663531622, 0.1461748281021913, 0.14276298326452574, 0.14220254075527192, 0.13972843286395073, 0.1333714346150557, 0.13468573016822338, 0.12890315623283385, 0.130909965968132, 0.12584383231202761, 0.1261840146968762], "validation_losses": [2.2673118297576904, 2.0947972679138185, 1.7851584562301637, 1.3684051057815552, 0.6911674779891968, 0.4653144355773926, 0.36605835604667664, 0.31437176647186277, 0.2798594076633453, 0.2556686423778534, 0.23490105746984483, 0.21461837585568427, 0.20254715371131898, 0.18916582536697388, 0.17987955781817436, 0.17469155899882316, 0.16426587880551816, 0.1567787489682436, 0.15010394732654095, 0.14472252681851386, 0.14015416896790267, 0.13461133115291596, 0.12833695007562637, 0.125792315274477, 0.12236416678503156, 0.1172247181236744, 0.11481593153625727, 0.11119858914166689, 0.1076694200232625, 0.10590431011840701, 0.10358985080346465, 0.10189716259539128, 0.09728504387140274, 0.09662172646261752, 0.09400128822252155, 0.0920876010607928, 0.08934248448722064, 0.0883295453608036, 0.08732806977033615, 0.08408734964206815, 0.08339913426712155, 0.08085039436612278, 0.07929328285120428, 0.0786644582523033, 0.07655315359719098, 0.0757762765718624, 0.07389364933166653, 0.07297581759747118, 0.07221653728187084, 0.0695626513492316], "accuracy": 0.979}}