{"adam": {"train_losses": [1.590164584465027, 1.2519942048645019, 1.1086417794799805, 1.0127390199279784, 0.9358503803253174, 0.874054369392395, 0.8110197282791137, 0.7698344395637512, 0.7366180632781982, 0.6949183436584473, 0.6649042266654969, 0.6373139685630799, 0.605095704870224, 0.5887161101341247, 0.579220671710968, 0.5535266841793061, 0.5390034580230713, 0.5216813322257996, 0.5074019215869904, 0.4936124308204651, 0.4878903732442856, 0.4752003056716919, 0.4720305403518677, 0.4585906790828705, 0.45204107931137083, 0.4461482344055176, 0.441104617767334, 0.4303910920333862, 0.42905445552825927, 0.4222751952934265, 0.41356560861587527, 0.4084376046562195, 0.40346481088638303, 0.4079769277381897, 0.3955028570461273, 0.3938916843032837, 0.38916474439620974, 0.3842560176563263, 0.377643616733551, 0.37661827850341795, 0.37761816915512086, 0.36651902200222014, 0.362888324174881, 0.35888387969970703, 0.36117295870780947, 0.34755015257716176, 0.35658752440452574, 0.35180156658172607, 0.3445219389629364, 0.347333965511322], "validation_losses": [1.227099472618103, 1.046548403930664, 0.9863689215660095, 0.9676219882011413, 0.9147918231964112, 0.8994213315963745, 0.8974945436477662, 0.8985006801605224, 0.9013138993263244, 0.9246547576904297, 0.9160942157745361, 0.9372734529495239, 0.9458094563484192, 0.9590299390792847, 0.9475139017105103, 0.9981917413711547, 0.9848899782180787, 1.0030361734390258, 1.0111342485427857, 1.0173753704071045, 1.0555309000015258, 1.0515123723983764, 1.057529187297821, 1.0713635703086852, 1.0619718173980712, 1.0795713928222657, 1.0517119848251342, 1.1280404106140136, 1.0957063459396363, 1.1141604035377501, 1.0960929152488708, 1.1024824989318847, 1.125656040763855, 1.165009277534485, 1.1349609920501709, 1.1798676935195922, 1.155896432495117, 1.1822431922912597, 1.160453106880188, 1.2214729787826537, 1.20244501953125, 1.182720745277405, 1.1831819469451905, 1.1718389612197877, 1.1804557359695436, 1.2217176908493041, 1.2111256501197816, 1.2186912669181824, 1.2199837715148927, 1.2353064406394958], "accuracy": 0.7118}, "sgd": {"train_losses": [2.300112315826416, 2.287028645095825, 2.1693725386047364, 2.0549666287231445, 1.9803386457061767, 1.9183007612609864, 1.8669505683898926, 1.824855620689392, 1.7848964277648927, 1.7459018146514893, 1.7100326007461548, 1.6759333223724364, 1.6451503852844238, 1.6140886610412597, 1.59071629901886, 1.5659311952209474, 1.5430639961242676, 1.5225665803146362, 1.4988531211853027, 1.481671733856201, 1.46186568775177, 1.4437493642425536, 1.4286047667312622, 1.41610542137146, 1.398249234085083, 1.3872130709075927, 1.3760212105178833, 1.3609212716674806, 1.3469104176712037, 1.3345414585876465, 1.3232211966323852, 1.3156102284240723, 1.3028838509368896, 1.2943405065727234, 1.2804504856491088, 1.2735601488876342, 1.264847137336731, 1.2531841342926024, 1.241560542755127, 1.2357665762710572, 1.226130982208252, 1.215082363319397, 1.2072790614700317, 1.1996310301208497, 1.191494501914978, 1.180049096469879, 1.173617470779419, 1.1604349911499023, 1.1536044628143312, 1.1462542750549316], "validation_losses": [2.29847631149292, 2.251006341934204, 2.0897078031539915, 1.9960591348648071, 1.9258005451202393, 1.8657427843093872, 1.813598589515686, 1.7708096385955812, 1.7276498233795166, 1.688256097793579, 1.649776728439331, 1.6124353481292724, 1.586416738319397, 1.5521224773406983, 1.5268417318344116, 1.4985439378738403, 1.4759899696350098, 1.456707022857666, 1.4379584686279296, 1.4201522214889526, 1.4127104598999023, 1.3907027032852173, 1.371453876876831, 1.3587031358718873, 1.3458926235198974, 1.3295693994522095, 1.319709196472168, 1.3069010612487792, 1.2973677116394042, 1.2927793329238892, 1.2788761455535889, 1.2678990224838256, 1.2663519254684448, 1.2519177434921265, 1.2445528856277466, 1.244184276008606, 1.2279290412902832, 1.2235683195114135, 1.2122313336372375, 1.2015718313217163, 1.2074287322044372, 1.1909618771553039, 1.189159972000122, 1.1713412457466126, 1.168328870677948, 1.1639262349128723, 1.1572616581916808, 1.1501674314498902, 1.1445322150230408, 1.131002944946289], "accuracy": 0.6037}, "Adahessian": {"train_losses": [2.300267517852783, 2.2901430268096923, 2.188936166534424, 2.0515802210998535, 1.9670093835830689, 1.9025015752792358, 1.8449413418579101, 1.7924989828491211, 1.743339294052124, 1.6971755513763427, 1.6578333689117433, 1.619663718109131, 1.5902247226715087, 1.5609484342193602, 1.535524635734558, 1.5118297251129151, 1.492388031578064, 1.4669682010269165, 1.450033404045105, 1.4355797248458861, 1.4208147137451173, 1.4047708878326417, 1.3890334538269042, 1.3759057288742065, 1.367834640235901, 1.3529050099945068, 1.3392588707733155, 1.326843090057373, 1.3162619505691528, 1.3079352531051636, 1.2992861337280273, 1.2867393689727784, 1.2806072607421874, 1.2667420092391968, 1.2601730399703979, 1.2491527196884156, 1.2403311031723023, 1.2329197974586488, 1.223481057472229, 1.2160291701126098, 1.2059074445343017, 1.2000035441589356, 1.1885259299850464, 1.1837628115463257, 1.178230959224701, 1.1665135195541383, 1.1632775369262696, 1.1524911684036254, 1.145690873336792, 1.1411736603736877], "validation_losses": [2.298073947906494, 2.2673465732574463, 2.096058676338196, 1.9843070249557495, 1.9058438570022582, 1.8401756494522095, 1.779812666130066, 1.7250706546783448, 1.6740129011154175, 1.6274644578933717, 1.5874844272613526, 1.5555357265472411, 1.5253797798156739, 1.496161359024048, 1.4671256172180176, 1.4480896780014039, 1.4265436275482177, 1.4097286911010742, 1.3925811359405518, 1.3794375806808472, 1.3645821367263793, 1.3454200582504272, 1.3357095083236694, 1.3283641033172608, 1.3148846437454225, 1.306212505531311, 1.2946447692871095, 1.2862070526123046, 1.2778018928527832, 1.2641109489440918, 1.2571891771316528, 1.2514229200363158, 1.2435430479049683, 1.2337593896865844, 1.22503998336792, 1.2221579315185547, 1.2112533910751342, 1.2058019584655761, 1.2035234855651855, 1.193552389717102, 1.1855140602111816, 1.1795900499343872, 1.174017657470703, 1.1675673795700072, 1.161424868106842, 1.1541846549987793, 1.146480128288269, 1.1434023270606994, 1.1389746168136596, 1.137963313293457], "accuracy": 0.5975}}