{"adam": {"train_losses": [1.7440027002970377, 1.6878881035486857, 1.6597168068567911, 1.652656618754069, 1.6475850638707479, 1.619951163482666, 1.5811129364649454, 1.582164627901713, 1.5731289651870728, 1.5603796421686809, 1.5633318165461223, 1.562521678352356, 1.5527676167170206, 1.5558801758448282, 1.5536311809539796, 1.5594845660527548, 1.5713945536931355, 1.559532341448466, 1.5607819140752157, 1.556605826250712, 1.5593135568618774, 1.5729965037663778, 1.5504244391759237, 1.5523983770370484, 1.5501933876037597, 1.5518926674524942, 1.5540802028020222, 1.5590843603134155, 1.549485893058777, 1.5617673774719238, 1.5625192415237428, 1.5593195320765176, 1.5573943567276, 1.556310163561503, 1.5557452324549357, 1.5607001494725545, 1.5568568576176962, 1.556688649559021, 1.5735858699162801, 1.5559359983444214, 1.5683875895818074, 1.5533106349309285, 1.5569605653762817, 1.5562471663157145, 1.5477209767023723, 1.5651084845860799, 1.556272307395935, 1.5437015103022258, 1.5464963707605999, 1.547089255396525], "validation_losses": [1.6579029331207276, 1.6563093334197998, 1.633863384628296, 1.6329040023803711, 1.6514130725860596, 1.598074245262146, 1.5588580030441284, 1.5492653625488282, 1.5824832740783692, 1.5396131834030151, 1.5524499174118043, 1.5463678632736206, 1.5494762573242187, 1.549251386833191, 1.5541438596725463, 1.542481399154663, 1.5504614072799683, 1.5345273588180541, 1.574622406578064, 1.546001725578308, 1.545654993247986, 1.5396083005905152, 1.5508012044906616, 1.541660761833191, 1.5390985954284668, 1.5518762815475464, 1.5319803686141968, 1.5559354194641113, 1.5269177534103393, 1.5367509801864625, 1.5506056478500365, 1.5520307104110718, 1.5401012685775757, 1.5375995191574097, 1.5469456731796265, 1.5386594175338746, 1.5464329526901246, 1.5663433118820191, 1.554659997177124, 1.5638954557418823, 1.574476065635681, 1.5344251752853393, 1.5455147031784058, 1.542782904624939, 1.5676630773544311, 1.5492574878692627, 1.5303687391281129, 1.524527456474304, 1.5352062726974487, 1.5577192319869995], "accuracy": 0.9035}, "sgd": {"train_losses": [2.286857834370931, 2.1991380886077883, 2.0021806060791016, 1.8510770640055338, 1.7825234758377075, 1.734233106613159, 1.707662533823649, 1.691078759765625, 1.6792005758921305, 1.6715210023244222, 1.66486512037913, 1.6600604801177978, 1.6562737021128338, 1.6530607586542765, 1.6495302776336669, 1.6474326962153116, 1.6453206542332968, 1.6430481698989867, 1.6407725523630778, 1.639086847559611, 1.6378079488118489, 1.6364739194234212, 1.634818034807841, 1.6333445012410481, 1.6323502363204956, 1.6317301106135051, 1.6300483050664265, 1.6292981202443442, 1.6286925581614176, 1.6271427375157674, 1.624980661392212, 1.6078023496627807, 1.5919479715347291, 1.5842619820276895, 1.579489832496643, 1.5756975374857585, 1.5725722811381022, 1.5697201203664144, 1.5675798522313436, 1.5650551321665447, 1.564023070526123, 1.5626004446665447, 1.561287423324585, 1.559478689066569, 1.558535120264689, 1.5569788777669271, 1.5558245566685995, 1.5547332571029664, 1.5538900839487713, 1.5530739985148112], "validation_losses": [2.259264928817749, 2.110594299316406, 1.8992684574127197, 1.8002664253234864, 1.7382993339538575, 1.7027780492782594, 1.6822532865524291, 1.6694393976211548, 1.6603320499420167, 1.653755443572998, 1.6487362979888915, 1.6446979307174683, 1.641422752571106, 1.6384539375305176, 1.6360794519424438, 1.6341340425491333, 1.6321992422103881, 1.6306512981414796, 1.6290488414764404, 1.6277001085281373, 1.626545510673523, 1.6253933122634887, 1.6244366966247559, 1.623409013748169, 1.6225579891204833, 1.6216191129684447, 1.6207862886428832, 1.6199443140029908, 1.619044291305542, 1.6178985666275025, 1.6131390522003173, 1.5868883205413817, 1.577543610572815, 1.572013631248474, 1.5682340366363525, 1.5650369045257568, 1.5625494329452514, 1.5603311321258544, 1.5581819398880006, 1.5566609764099122, 1.554957976913452, 1.5537149995803834, 1.552288034248352, 1.551166442489624, 1.5498221115112305, 1.548901791572571, 1.5476865064620973, 1.5466938739776612, 1.5459711725234986, 1.545058500099182], "accuracy": 0.9285}, "Adahessian": {"train_losses": [1.936481543223063, 1.6409988681793213, 1.5908069967269898, 1.5740821180979412, 1.563365070660909, 1.5559012863794963, 1.5498375532150268, 1.5447813437779745, 1.5401140179316202, 1.5364904712677, 1.5327814537684123, 1.5301060114542644, 1.5268823148091635, 1.5245673842112224, 1.5221480801264444, 1.5197215749104818, 1.5176616809209187, 1.5159449885050456, 1.5134502497355142, 1.5120916591644287, 1.5106507802963256, 1.5091387471516926, 1.5074092476526897, 1.5066244855244955, 1.5048103174845378, 1.503868791516622, 1.5028195669809976, 1.501475067838033, 1.5005238171259563, 1.4997541447957357, 1.4987872809092204, 1.4975750036875406, 1.4968632354100546, 1.4961548154830933, 1.495267165438334, 1.4945022045771281, 1.4940272168477375, 1.4930416397094726, 1.492373861948649, 1.492032544072469, 1.4913896460851033, 1.4910192715326944, 1.4902977951049805, 1.4896934133529662, 1.4888263577779135, 1.4884176817576091, 1.4879496822992961, 1.487680063120524, 1.4872645544052123, 1.4866737902323406], "validation_losses": [1.6877779777526856, 1.590860157775879, 1.569478639793396, 1.5585779964447022, 1.5514697984695434, 1.5453453701019286, 1.540991072845459, 1.536924673652649, 1.5336383655548096, 1.5302551654815675, 1.5277345306396484, 1.52490147190094, 1.5227045808792115, 1.5203807323455811, 1.518433922767639, 1.5173191986083985, 1.5150617420196533, 1.513454898262024, 1.512204549407959, 1.51062845954895, 1.5092479845046998, 1.5085370250701904, 1.5071407562255859, 1.5060362369537355, 1.505008631515503, 1.5039734260559081, 1.5030142988204955, 1.5018077796936036, 1.5011282926559448, 1.5002724618911742, 1.4995817615509033, 1.4991263494491578, 1.4982620122909547, 1.497691935157776, 1.496810546875, 1.4963137084960938, 1.4958910640716552, 1.495497042274475, 1.4949152038574218, 1.494475178527832, 1.4941554847717284, 1.4937323661804198, 1.4932526838302613, 1.493129526901245, 1.492750079536438, 1.4922106185913087, 1.4918338218688965, 1.4916841199874877, 1.4912781665802002, 1.4910110042572022], "accuracy": 0.9732}}