{"adam": {"train_losses": [2.1062370693588255, 2.076851094207764, 2.0678223641967772, 2.0602485543060305, 2.0587779837799074, 2.0534436991119387, 2.048690745010376, 2.051316252593994, 2.0486506270980835, 2.0472399550628664, 2.0459978631591795, 2.0459018352508545, 2.041879363288879, 2.0415551443862916, 2.043610722885132, 2.0331813047790526, 2.037590685119629, 2.0437876927947998, 2.0348826806640625, 2.034775110015869, 2.0367631427764894, 2.035511237182617, 2.0313923596191406, 2.0278783959960935, 2.0293517457580568, 2.020473405380249, 2.025565743789673, 2.0230034784698487, 2.0239455332946776, 2.024515530090332, 2.0291555434417723, 2.0310216804504395, 2.0307760675811766, 2.024975893936157, 2.020272402267456, 2.029899219207764, 2.023634532852173, 2.0178457112121584, 2.019310655899048, 2.025860979309082, 2.020700854034424, 2.0217905261993407, 2.017151405105591, 2.021897798652649, 2.026359996948242, 2.0185883151245116, 2.016411352996826, 2.011942948150635, 2.0209782969665526, 2.0212545082092284], "validation_losses": [2.079146026611328, 2.0557035049438475, 2.0643684455871583, 2.0644378791809084, 2.0395024017333983, 2.0416282131195067, 2.0480891372680663, 2.0466184009552, 2.045479804611206, 2.0469464305877687, 2.0569580993652345, 2.045077583694458, 2.043188529586792, 2.0435415790557863, 2.0443421478271486, 2.0398642822265627, 2.0592744159698486, 2.0590112075805664, 2.033584801864624, 2.045758653640747, 2.039258277130127, 2.0349249771118165, 2.038924041748047, 2.0413115631103516, 2.032484694671631, 2.024788162612915, 2.0431693939208984, 2.0277152687072753, 2.0361120613098143, 2.0364536293029785, 2.0361298736572264, 2.0327481147766115, 2.052355308532715, 2.0237932075500487, 2.0246190490722658, 2.0382857315063476, 2.03079206237793, 2.0200638942718507, 2.0344758796691895, 2.0333117828369143, 2.0319746578216553, 2.021318952178955, 2.038873788833618, 2.039012702560425, 2.0263019027709963, 2.024939740371704, 2.0222125854492186, 2.0310737071990967, 2.0292048503875733, 2.028600012969971], "accuracy": 0.4323}, "sgd": {"train_losses": [2.2940544585418703,
  2.265817798995972,
  2.2328630195617674,
  2.2122801362609863,
  2.197320596923828,
  2.183209327392578,
  2.1696743839263917,
  2.1568457161712646,
  2.1461335443115233,
  2.1375353327178956,
  2.1306961396026614,
  2.124666071090698,
  2.119740476074219,
  2.115496247558594,
  2.11201079208374,
  2.108365444869995,
  2.1053568480682374,
  2.1020488844299314,
  2.099440584335327,
  2.0970402603912355,
  2.0949362117767336,
  2.092225698852539,
  2.089373264541626,
  2.087375234069824,
  2.084779890899658,
  2.0821945101165773,
  2.0798028994750974,
  2.0780897199249266,
  2.076318123626709,
  2.0739481843185423,
  2.072114515609741,
  2.070078398399353,
  2.0677220420837403,
  2.0660596851348876,
  2.0646003158569335,
  2.062571852645874,
  2.0609340645599366,
  2.0596599420547483,
  2.0579906777954102,
  2.0562290113067627,
  2.054951804885864,
  2.0530913710784913,
  2.051696214027405,
  2.05065583278656,
  2.048847356071472,
  2.0468811988067626,
  2.0454767749786376,
  2.0442270388031005,
  2.0418463037109373,
  2.0413874116134645],
 "validation_losses": [2.2820711631774904,
  2.245981219482422,
  2.2183727031707763,
  2.201517289352417,
  2.187306704711914,
  2.1735916717529298,
  2.1599687717437743,
  2.1480409843444823,
  2.1384717144012453,
  2.1309126388549804,
  2.124457391357422,
  2.1191330127716066,
  2.11448607711792,
  2.110479267120361,
  2.106953477859497,
  2.1036808151245117,
  2.1007455112457274,
  2.0980134956359864,
  2.095616819000244,
  2.0930981098175048,
  2.090675411605835,
  2.0882003170013426,
  2.085664516830444,
  2.0832101902008056,
  2.080897616958618,
  2.07878299331665,
  2.0766894428253173,
  2.074725958633423,
  2.0727636306762696,
  2.070906344985962,
  2.0690770359039306,
  2.0672861404418947,
  2.06549052734375,
  2.0639740913391114,
  2.0622929950714113,
  2.0609362892150878,
  2.059319882583618,
  2.0577264137268068,
  2.0563289863586425,
  2.05509451713562,
  2.053726204299927,
  2.0521856563568117,
  2.05095143737793,
  2.0496844734191892,
  2.0482636425018312,
  2.046997566604614,
  2.045870512008667,
  2.0446311489105224,
  2.0433746116638183,
  2.0419515216827393],
 "accuracy": 0.4271}, "Adahessian": {"train_losses": [2.2687360690307616, 2.2157222807312014, 2.1875321437072754, 2.1661743785095213, 2.1487233055114747, 2.1343945206451416, 2.1249182345581055, 2.117180916595459, 2.111244871673584, 2.1052887061309815, 2.1002409242248534, 2.0954274321746826, 2.090649072570801, 2.0866707355499265, 2.0818748880004883, 2.0782684592437746, 2.0743813780212403, 2.0705571642303466, 2.067482158164978, 2.064731032485962, 2.0611766654586794, 2.0586051084899903, 2.055994924926758, 2.05411503993988, 2.0511546091461184, 2.0488327709198, 2.0466903783416748, 2.044358679046631, 2.0419857370758057, 2.041323362350464, 2.0388176042556765, 2.0373794816589355, 2.0348252098846435, 2.03302581867218, 2.031216037902832, 2.0301535999298097, 2.0282525258636475, 2.0269111102294923, 2.0253119985198973, 2.0242694467544555, 2.0230102465057374, 2.021644743232727, 2.020158559761047, 2.0183510664367676, 2.017223179626465, 2.016301995277405, 2.015243416671753, 2.0131730879974366, 2.012205965118408, 2.011665503082275], "validation_losses": [2.233011238861084, 2.197158274459839, 2.1728674919128417, 2.1537069103240967, 2.137880406951904, 2.126517144012451, 2.118055852508545, 2.111278535079956, 2.105360941696167, 2.0999998859405515, 2.0952766983032225, 2.0903694194793703, 2.0859630401611327, 2.081645393371582, 2.077577827835083, 2.0739144886016847, 2.0705476097106934, 2.067503645324707, 2.0646503746032714, 2.0619665699005125, 2.05948576965332, 2.0571633125305175, 2.054875415420532, 2.0527782012939455, 2.050655595397949, 2.0486444526672365, 2.046957076263428, 2.045291314315796, 2.0432758598327636, 2.041992206954956, 2.0404849075317384, 2.038819861602783, 2.037409383010864, 2.0360459545135496, 2.0346118713378907, 2.033006227874756, 2.0321164375305174, 2.0307921188354494, 2.029587587356567, 2.0283975498199465, 2.027336111068726, 2.026456562805176, 2.02509814453125, 2.024448426437378, 2.023123429489136, 2.022243114089966, 2.0211672359466553, 2.020318851470947, 2.019270693206787, 2.0185389305114745], "accuracy": 0.4482}}