{"adam": {"train_losses": [0.3816664904038111, 0.20013314150174458, 0.17895172640283902, 0.16120923389295738, 0.15915828206986188, 0.1523102605337898, 0.1471693895369768, 0.13141571247552833, 0.13372054418176413, 0.12778027209614715, 0.12393940671185652, 0.12180028277424475, 0.11703766553873818, 0.11508494526147843, 0.1139781319009761, 0.11464864939476054, 0.11487883435140053, 0.10530275318399071, 0.11043863048472752, 0.10882220930419863, 0.10655856992298117, 0.10782348953370625, 0.10150478345509618, 0.10522152109916011, 0.10009972187693542, 0.10790250578715156, 0.1047247100741292, 0.09934020965192467, 0.09942886220699487, 0.1072149252889057, 0.1008858568697547, 0.1104266476077959, 0.10434448627939759, 0.09491033927338818, 0.10159784955131666, 0.09912723154908357, 0.10180708553971102, 0.09448275856509183, 0.09830105435860653, 0.10744002620298415, 0.10786130311973392, 0.09643202053708956, 0.09710966325905174, 0.10199495404474437, 0.09576116645168513, 0.10486116917940477, 0.09439772228048338, 0.09482817379018912, 0.09852327108684307, 0.10380666006896645], "validation_losses": [0.08443185527585446, 0.07165206521966029, 0.05670630468490854, 0.053400547619265853, 0.05821202326294733, 0.057938148673225075, 0.055610532670394786, 0.05479115668286213, 0.05083333103159494, 0.05814472174119437, 0.04938283876868008, 0.04805328367297279, 0.05793087943561395, 0.05370318649071742, 0.05678451165373508, 0.05080870186176089, 0.04724813197409676, 0.056505354578736476, 0.06710259906873815, 0.05776829523546376, 0.061083408504041925, 0.06621640719102445, 0.05327025308277727, 0.0575949733526626, 0.05762423613841197, 0.058222283845013156, 0.058034822331287116, 0.05900550326455958, 0.05544004548684275, 0.06367335392964343, 0.07563725507075089, 0.06534887592750813, 0.05666661124403508, 0.06030919905051055, 0.05872934006295951, 0.06593665862085347, 0.056342363996425844, 0.0491677774470535, 0.05449421175072438, 0.06510462914811428, 0.06365770561032223, 0.07075116247053917, 0.061378194483446655, 0.059729689754689466, 0.0813876505034714, 0.06894021954909604, 0.06639149839475536, 0.06137795263777323, 0.06308645951776025, 0.10283779720933525], "accuracy": 0.9795}, "sgd": {"train_losses": [1.052639227628708, 0.34339036299387615, 0.2579926233768463, 0.20689358361164728, 0.1746945339401563, 0.14624335183501244, 0.13017682660321395, 0.11350714693367481, 0.1020087437937657, 0.0922338612879316, 0.08405594580372175, 0.07953329419195652, 0.07437254553039868, 0.07288403918842475, 0.06694330329746008, 0.06240336757923166, 0.06343070203239719, 0.05643864913135767, 0.05528816577022274, 0.051058130890876054, 0.04996450815871358, 0.04701318941861391, 0.04680600766961773, 0.044412114490692815, 0.0435876278060178, 0.042866289878760774, 0.040522604078799485, 0.03990123863431315, 0.0385700059555471, 0.036859354852015774, 0.03708434502904614, 0.03542735520626108, 0.03409676777993639, 0.03338024927812318, 0.032369595913713176, 0.031491441782812275, 0.029801325560050707, 0.030094828941921392, 0.02801087702922523, 0.028924159257113932, 0.027641004721509915, 0.028521903194487094, 0.027320094064250587, 0.0266361371456335, 0.025913146464029948, 0.024377459286525845, 0.02547804303156833, 0.02475935299716269, 0.024527562735571214, 0.023940664799511433], "validation_losses": [0.28183007358312606, 0.17437192717194558, 0.13452002123594284, 0.10891588020771742, 0.09717491127327084, 0.07617606787569821, 0.0666978764437139, 0.05897146768029779, 0.05242900776322931, 0.04735837362520397, 0.04650717580998316, 0.04375325729791075, 0.0454061774791684, 0.03915449168258347, 0.03819461215562187, 0.035534258035104724, 0.03615240865978412, 0.03419100869442336, 0.03298486407420132, 0.03234519239063375, 0.03369940653860103, 0.03469759205910377, 0.03086084062565351, 0.03174902623295784, 0.030656083541887348, 0.031469480052008295, 0.03149839230540674, 0.0320517344931839, 0.03200534933181479, 0.029499952935328474, 0.028293462458706925, 0.028191031496768118, 0.02924885183701117, 0.03082264747407753, 0.029840670534133095, 0.0281164145615272, 0.028280934005122983, 0.02757858449544292, 0.02779681913123932, 0.02832984174445446, 0.026920858243349357, 0.02805492500863038, 0.027987502395984482, 0.02626719195357, 0.028491183969592385, 0.028067563885313576, 0.028987739395344398, 0.027952425606268663, 0.028522273132354895, 0.02703335892453906], "accuracy": 0.991}, "Adahessian": {"train_losses": [1.0077635230660438, 0.30580296800136564, 0.2256987428744634, 0.17782560628056526, 0.14427139214277268, 0.11989934725761414, 0.10087282573332389, 0.08820566592663527, 0.0780956911166509, 0.06877023653636376, 0.06429113708858689, 0.05832060405611992, 0.05637410385434826, 0.051384490159898995, 0.047014934667324024, 0.04496590062355002, 0.041937171816577516, 0.039898707442109785, 0.03756867500816782, 0.0367018778745085, 0.03539625159619997, 0.03159469490138193, 0.03042005378693963, 0.029654183724926165, 0.02855107658561319, 0.02758558726441115, 0.026666472683909037, 0.025196316119345526, 0.023004206735865833, 0.023470811552073187, 0.02303787500380228, 0.020586309489545724, 0.020184675318778805, 0.019872379555211712, 0.020639897371269762, 0.018985874529834836, 0.01835540876473921, 0.01807298876494169, 0.018234183287698155, 0.01652092935074276, 0.017137061609467492, 0.015975120313077545, 0.015137523159850388, 0.01543583577903919, 0.015868673257591823, 0.013835902376426384, 0.013616783774349217, 0.014003571379130397, 0.013772895565085734, 0.013619408643982995], "validation_losses": [0.2553160517334938, 0.15805559902787208, 0.11361322272717952, 0.08699540684744715, 0.07553668230026961, 0.05800004709567875, 0.049707313871290536, 0.04468760115578771, 0.04085238932566717, 0.043858650879841296, 0.035525282190402505, 0.03451826512441039, 0.032463667830522173, 0.031704686307662634, 0.032797316244698595, 0.028452344993001314, 0.028402399444667388, 0.02774607221855549, 0.029290749143523864, 0.027185658907087053, 0.027031674007054245, 0.02635203250120394, 0.02831949710831832, 0.02719031232793641, 0.02690735673524614, 0.028081850878596014, 0.02720229920981801, 0.02518780968928113, 0.02769461426821654, 0.02760507960691175, 0.026624548027064158, 0.0268555851952191, 0.026353788589983013, 0.027548461106434115, 0.02711103463164909, 0.027546562415736844, 0.027510867359940676, 0.025537788343498322, 0.0273229921064456, 0.026775047873479344, 0.02759725782937021, 0.028512245058178086, 0.027040708642615208, 0.02843851105734793, 0.02826970792734737, 0.02889281149954554, 0.028664084731642652, 0.027269107929359597, 0.02663963847540308, 0.02750798141581481], "accuracy": 0.9924}}